"GENE","GWAS","LOC_NUM","Literature Search"
"ADAM15","META5",1,0
"ADAR","META5",1,0
"AQP10","META5",1,0
"ARHGEF2","META5",1,0
"ASH1L","META5",1,0
"ASH1L-AS1","META5",1,0
"ATP8B2","META5",1,0
"C1orf189","META5",1,0
"C1orf43","META5",1,0
"CHRNB2","META5",1,0
"CKS1B","META5",1,0
"CLK2","META5",1,0
"CREB3L4","META5",1,0
"CRTC2","META5",1,0
"DAP3","META5",1,0
"DCST1","META5",1,0
"DCST1-AS1","META5",1,0
"DCST2","META5",1,0
"DENND4B","META5",1,0
"DPM3","META5",1,0
"EFNA1","META5",1,0
"EFNA3","META5",1,0
"EFNA4","META5",1,0
"FAM189B","META5",1,0
"FDPS","META5",1,0
"FLAD1","META5",1,0
"GBA","META5",1,1
"GBAP1","META5",1,0
"GON4L","META5",1,0
"HAX1","META5",1,0
"HCN3","META5",1,0
"IL6R","META5",1,0
"IL6R-AS1","META5",1,0
"JTB","META5",1,0
"KCNN3","META5",1,0
"KHDC4","META5",1,0
"KRTCAP2","META5",1,0
"LAMTOR2","META5",1,0
"LENEP","META5",1,0
"LMNA","META5",1,0
"LOC101928120","META5",1,0
"MEX3A","META5",1,0
"MIR190B","META5",1,0
"MIR4258","META5",1,0
"MIR555","META5",1,0
"MIR5698","META5",1,0
"MIR6737","META5",1,0
"MIR6738","META5",1,0
"MIR92B","META5",1,0
"MSTO1","META5",1,0
"MSTO2P","META5",1,0
"MTX1","META5",1,0
"MUC1","META5",1,0
"NUP210L","META5",1,0
"PBXIP1","META5",1,0
"PKLR","META5",1,0
"PMF1","META5",1,0
"PMF1-BGLAP","META5",1,0
"PMVK","META5",1,0
"POU5F1P4","META5",1,0
"PYGO2","META5",1,0
"RAB13","META5",1,0
"RAB25","META5",1,0
"RIT1","META5",1,0
"RPS27","META5",1,0
"RUSC1","META5",1,0
"RUSC1-AS1","META5",1,0
"RXFP4","META5",1,0
"SCAMP3","META5",1,0
"SCARNA26A","META5",1,0
"SCARNA26B","META5",1,0
"SCARNA4","META5",1,0
"SEMA4A","META5",1,0
"SHC1","META5",1,0
"SHE","META5",1,1
"SLC25A44","META5",1,0
"SLC39A1","META5",1,0
"SLC50A1","META5",1,0
"SNORA58B","META5",1,0
"SNORA80E","META5",1,0
"SSR2","META5",1,0
"SYT11","META5",1,1
"TDRD10","META5",1,0
"THBS3","META5",1,0
"TPM3","META5",1,0
"TRIM46","META5",1,0
"UBAP2L","META5",1,0
"UBE2Q1","META5",1,0
"UBE2Q1-AS1","META5",1,0
"UBQLN4","META5",1,0
"YY1AP1","META5",1,0
"ZBTB7B","META5",1,0
"ADAMTS4","META5",2,0
"APOA2","META5",2,0
"ARHGAP30","META5",2,0
"ATF6","META5",2,1
"B4GALT3","META5",2,0
"C1orf226","META5",2,0
"CD244","META5",2,0
"CD48","META5",2,0
"CD84","META5",2,0
"CFAP126","META5",2,0
"DEDD","META5",2,0
"DUSP12","META5",2,0
"F11R","META5",2,0
"FCER1G","META5",2,0
"FCGR2A","META5",2,0
"FCGR2B","META5",2,0
"FCGR2C","META5",2,0
"FCGR3A","META5",2,0
"FCGR3B","META5",2,0
"FCRLA","META5",2,0
"FCRLB","META5",2,0
"HSPA6","META5",2,0
"HSPA7","META5",2,0
"ITLN1","META5",2,0
"ITLN2","META5",2,0
"KLHDC9","META5",2,0
"LOC101928372","META5",2,0
"LOC112543491","META5",2,0
"LY9","META5",2,0
"MIR4654","META5",2,0
"MIR5187","META5",2,0
"MIR556","META5",2,0
"MPZ","META5",2,0
"NDUFS2","META5",2,0
"NECTIN4","META5",2,0
"NIT1","META5",2,0
"NOS1AP","META5",2,0
"NR1I3","META5",2,0
"OLFML2B","META5",2,0
"PCP4L1","META5",2,0
"PFDN2","META5",2,0
"PPOX","META5",2,0
"RPL31P11","META5",2,0
"SDHC","META5",2,0
"SH2D1B","META5",2,0
"SLAMF1","META5",2,0
"SLAMF6","META5",2,0
"SLAMF7","META5",2,0
"SPATA46","META5",2,0
"TOMM40L","META5",2,0
"TSTD1","META5",2,0
"UFC1","META5",2,0
"UHMK1","META5",2,0
"USF1","META5",2,0
"USP21","META5",2,0
"C1orf105","META5",3,0
"DNM3","META5",3,1
"DNM3-IT1","META5",3,0
"DNM3OS","META5",3,0
"EEF1AKNMT","META5",3,0
"FASLG","META5",3,0
"FMO1","META5",3,0
"FMO2","META5",3,0
"FMO3","META5",3,0
"FMO4","META5",3,0
"FMO6P","META5",3,0
"MIR1295A","META5",3,0
"MIR1295B","META5",3,0
"MIR199A2","META5",3,0
"MIR214","META5",3,0
"MIR3120","META5",3,0
"MROH9","META5",3,0
"MYOC","META5",3,0
"MYOCOS","META5",3,0
"PIGC","META5",3,0
"PRRC2C","META5",3,0
"SUCO","META5",3,0
"TOP1P1","META5",3,0
"VAMP4","META5",3,0
"AVPR1B","META5",4,0
"BLACAT1","META5",4,0
"CDK18","META5",4,0
"CNTN2","META5",4,0
"CTSE","META5",4,0
"DSTYK","META5",4,0
"ELK4","META5",4,0
"FAM72A","META5",4,0
"FAM72C","META5",4,0
"IKBKE","META5",4,0
"KLHDC8A","META5",4,0
"LEMD1","META5",4,0
"LEMD1-AS1","META5",4,0
"LEMD1-DT","META5",4,0
"LOC284581","META5",4,0
"MFSD4A","META5",4,0
"MFSD4A-AS1","META5",4,0
"MIR135B","META5",4,0
"MIR6769B","META5",4,0
"NFASC","META5",4,0
"NUAK2","META5",4,0
"NUCKS1","META5",4,1
"PM20D1","META5",4,0
"RAB29","META5",4,1
"RASSF5","META5",4,0
"RBBP5","META5",4,0
"RHEX","META5",4,0
"SLC26A9","META5",4,0
"SLC41A1","META5",4,1
"SLC45A3","META5",4,0
"SRGAP2","META5",4,0
"SRGAP2D","META5",4,0
"TMCC2","META5",4,0
"TMEM81","META5",4,0
"ACBD3","META5",5,0
"ACBD3-AS1","META5",5,0
"CDC42BPA","META5",5,0
"COQ8A","META5",5,0
"EPHX1","META5",5,0
"H3F3A","META5",5,0
"H3F3AP4","META5",5,0
"ITPKB","META5",5,0
"ITPKB-IT1","META5",5,0
"LEFTY1","META5",5,0
"LEFTY2","META5",5,0
"LIN9","META5",5,0
"LINC01703","META5",5,0
"MIR6741","META5",5,0
"MIXL1","META5",5,0
"PARP1","META5",5,1
"PSEN2","META5",5,1
"PYCR2","META5",5,0
"SDE2","META5",5,0
"SNAP47","META5",5,0
"SRP9","META5",5,0
"STUM","META5",5,0
"TMEM63A","META5",5,0
"ZNF678","META5",5,0
"ZNF847P","META5",5,0
"DISC1","META5",6,1
"DISC1-IT1","META5",6,0
"DISC2","META5",6,0
"LINC00582","META5",6,0
"LINC01744","META5",6,0
"LINC01745","META5",6,0
"MAP10","META5",6,0
"MAP3K21","META5",6,0
"NTPCR","META5",6,0
"PCNX2","META5",6,0
"SIPA1L2","META5",6,1
"TSNAX","META5",6,0
"TSNAX-DISC1","META5",6,0
"GEN1","META5",7,0
"KCNS3","META5",7,0
"MSGN1","META5",7,0
"NT5C1B","META5",7,0
"NT5C1B-RDH14","META5",7,0
"RAD51AP2","META5",7,0
"RDH14","META5",7,0
"SMC6","META5",7,0
"VSNL1","META5",7,0
"ADRA2B","META5",8,0
"ANKRD20A8P","META5",8,0
"ANKRD36C","META5",8,0
"ASTL","META5",8,0
"CIAO1","META5",8,0
"DUSP2","META5",8,0
"FAHD2A","META5",8,0
"FAHD2CP","META5",8,0
"FAM95A","META5",8,0
"GPAT2","META5",8,0
"ITPRIPL1","META5",8,0
"KCNIP3","META5",8,0
"LINC00342","META5",8,0
"LOC442028","META5",8,0
"MAL","META5",8,1
"MRPS5","META5",8,0
"PROM2","META5",8,0
"SNORA112","META5",8,0
"SNRNP200","META5",8,0
"STARD7","META5",8,0
"STARD7-AS1","META5",8,0
"TEKT4","META5",8,0
"TMEM127","META5",8,0
"TRIM43","META5",8,0
"TRIM43B","META5",8,0
"ZNF2","META5",8,0
"ZNF514","META5",8,0
"CNOT11","META5",9,0
"CREG2","META5",9,0
"IL18R1","META5",9,0
"IL18RAP","META5",9,0
"IL1R1","META5",9,0
"IL1R2","META5",9,0
"IL1RL1","META5",9,0
"IL1RL2","META5",9,0
"LINC01127","META5",9,0
"LOC101927142","META5",9,0
"MAP4K4","META5",9,0
"MFSD9","META5",9,0
"MIR4772","META5",9,0
"MIR5696","META5",9,0
"NPAS2","META5",9,1
"RFX8","META5",9,0
"RNF149","META5",9,0
"RPL31","META5",9,0
"SLC9A2","META5",9,0
"SLC9A4","META5",9,0
"SNORD89","META5",9,0
"TBC1D8","META5",9,0
"TBC1D8-AS1","META5",9,0
"TMEM182","META5",9,0
"ACMSD","META5",10,1
"CCNT2","META5",10,0
"CCNT2-AS1","META5",10,0
"MAP3K19","META5",10,0
"MGAT5","META5",10,0
"MIR128-1","META5",10,0
"MIR3679","META5",10,0
"MIR5590","META5",10,0
"R3HDM1","META5",10,0
"RAB3GAP1","META5",10,0
"SNORA40B","META5",10,0
"TMEM163","META5",10,1
"ZRANB3","META5",10,0
"ABCB11","META5",11,0
"B3GALT1","META5",11,0
"CERS6","META5",11,0
"CERS6-AS1","META5",11,0
"DHRS9","META5",11,0
"G6PC2","META5",11,0
"LOC105616981","META5",11,0
"LRP2","META5",11,0
"MIR4774","META5",11,0
"NOSTRIN","META5",11,0
"SPC25","META5",11,0
"STK39","META5",11,1
"XIRP2","META5",11,0
"KCNH8","META5",12,0
"LOC105376975","META5",12,0
"LOC339862","META5",12,0
"MIR4791","META5",12,0
"SATB1","META5",12,0
"SATB1-AS1","META5",12,0
"TBC1D5","META5",12,0
"AZI2","META5",13,0
"CMC1","META5",13,0
"EOMES","META5",13,0
"LINC00693","META5",13,0
"LINC01980","META5",13,0
"LINC01981","META5",13,0
"RBMS3","META5",13,0
"RBMS3-AS3","META5",13,0
"ZCWPW2","META5",13,0
"AMT","META5",14,1
"APEH","META5",14,0
"ARIH2","META5",14,0
"ARIH2OS","META5",14,0
"ATRIP","META5",14,0
"ATRIP-TREX1","META5",14,0
"BSN","META5",14,0
"BSN-DT","META5",14,0
"C3orf62","META5",14,0
"C3orf84","META5",14,0
"CAMP","META5",14,1
"CCDC36","META5",14,0
"CCDC51","META5",14,0
"CCDC71","META5",14,0
"CDC25A","META5",14,0
"CELSR3","META5",14,0
"COL7A1","META5",14,0
"DAG1","META5",14,0
"DALRD3","META5",14,0
"DHX30","META5",14,0
"FBXW12","META5",14,0
"FCF1P2","META5",14,0
"GPX1","META5",14,1
"IMPDH2","META5",14,0
"IP6K2","META5",14,0
"KLHDC8B","META5",14,0
"LAMB2","META5",14,0
"LAMB2P1","META5",14,0
"LINC02585","META5",14,0
"MAP4","META5",14,0
"MIR1226","META5",14,0
"MIR191","META5",14,0
"MIR2115","META5",14,0
"MIR425","META5",14,0
"MIR4271","META5",14,0
"MIR4443","META5",14,0
"MIR4793","META5",14,0
"MIR6823","META5",14,0
"MIR6824","META5",14,0
"MIR6890","META5",14,0
"MIR711","META5",14,0
"MST1","META5",14,0
"NCKIPSD","META5",14,0
"NDUFAF3","META5",14,0
"NICN1","META5",14,0
"NME6","META5",14,0
"P4HTM","META5",14,0
"PFKFB4","META5",14,0
"PLXNB1","META5",14,0
"PRKAR2A","META5",14,0
"PRKAR2A-AS1","META5",14,0
"QARS","META5",14,0
"QRICH1","META5",14,0
"RHOA","META5",14,1
"RNF123","META5",14,0
"SHISA5","META5",14,0
"SLC25A20","META5",14,0
"SLC26A6","META5",14,0
"SMARCC1","META5",14,0
"SNORA94","META5",14,0
"SPINK8","META5",14,0
"TCTA","META5",14,0
"TMA7","META5",14,0
"TMEM89","META5",14,0
"TREX1","META5",14,0
"UCN2","META5",14,0
"UQCRC1","META5",14,1
"USP19","META5",14,0
"USP4","META5",14,0
"WDR6","META5",14,0
"ZNF589","META5",14,0
"ADCY5","META5",15,0
"ARGFX","META5",15,0
"CASR","META5",15,0
"CCDC58","META5",15,0
"CD86","META5",15,1
"CSTA","META5",15,0
"DTX3L","META5",15,0
"EAF2","META5",15,0
"FAM162A","META5",15,0
"FBXO40","META5",15,0
"GOLGB1","META5",15,0
"HCLS1","META5",15,0
"HSPBAP1","META5",15,0
"ILDR1","META5",15,0
"IQCB1","META5",15,0
"KPNA1","META5",15,0
"LINC02035","META5",15,0
"LOC102723582","META5",15,0
"MIR7110","META5",15,0
"PARP14","META5",15,0
"PARP15","META5",15,0
"PARP9","META5",15,0
"PDIA5","META5",15,0
"POLQ","META5",15,0
"SEC22A","META5",15,0
"SEMA5B","META5",15,0
"SLC15A2","META5",15,0
"SLC49A4","META5",15,0
"WDR5B","META5",15,0
"AADAC","META5",16,0
"AADACL2","META5",16,0
"AADACL2-AS1","META5",16,0
"AADACP1","META5",16,0
"CLRN1","META5",16,0
"CLRN1-AS1","META5",16,0
"EIF2A","META5",16,0
"ERICH6","META5",16,0
"ERICH6-AS1","META5",16,0
"GPR171","META5",16,0
"GPR87","META5",16,0
"IGSF10","META5",16,0
"LOC101928105","META5",16,0
"LOC101928166","META5",16,0
"MBNL1","META5",16,0
"MBNL1-AS1","META5",16,0
"MED12L","META5",16,0
"MINDY4B","META5",16,0
"MIR5186","META5",16,0
"P2RY12","META5",16,0
"P2RY13","META5",16,0
"P2RY14","META5",16,0
"SELENOT","META5",16,0
"SERP1","META5",16,0
"SIAH2","META5",16,0
"SUCNR1","META5",16,0
"TMEM14EP","META5",16,0
"TSC22D2","META5",16,0
"ARL14","META5",17,0
"B3GALNT1","META5",17,0
"IFT80","META5",17,0
"KPNA4","META5",17,0
"LINC02067","META5",17,0
"MIR15B","META5",17,0
"MIR16-2","META5",17,0
"NMD3","META5",17,1
"OTOL1","META5",17,0
"PPM1L","META5",17,0
"SCARNA7","META5",17,0
"SMC4","META5",17,0
"SPTSSB","META5",17,0
"TRIM59","META5",17,0
"TRIM59-IFT80","META5",17,0
"ABCC5","META5",18,0
"ABCC5-AS1","META5",18,0
"ATP11B","META5",18,0
"B3GNT5","META5",18,0
"DCUN1D1","META5",18,0
"HTR3D","META5",18,0
"KLHL24","META5",18,0
"KLHL6","META5",18,0
"KLHL6-AS1","META5",18,0
"LAMP3","META5",18,1
"LINC00888","META5",18,0
"LINC01994","META5",18,0
"LINC01995","META5",18,0
"MAP6D1","META5",18,0
"MCCC1","META5",18,1
"MCF2L2","META5",18,0
"MIR4448","META5",18,0
"PARL","META5",18,1
"SNORA63D","META5",18,0
"SNORA63E","META5",18,0
"YEATS2","META5",18,0
"YEATS2-AS1","META5",18,0
"ABCA11P","META5",19,0
"ATP5ME","META5",19,0
"CPLX1","META5",19,0
"CRIPAK","META5",19,0
"CTBP1","META5",19,0
"CTBP1-AS","META5",19,0
"CTBP1-DT","META5",19,0
"DGKQ","META5",19,1
"FAM53A","META5",19,0
"FGFR3","META5",19,0
"FGFRL1","META5",19,0
"GAK","META5",19,1
"IDUA","META5",19,0
"LETM1","META5",19,0
"LOC100129917","META5",19,0
"LOC100130872","META5",19,0
"LOC105374338","META5",19,0
"LOC105374344","META5",19,0
"MAEA","META5",19,0
"MIR571","META5",19,0
"MYL5","META5",19,0
"NKX1-1","META5",19,0
"NSD2","META5",19,0
"PCGF3","META5",19,0
"PDE6B","META5",19,0
"PIGG","META5",19,0
"RNF212","META5",19,0
"SLBP","META5",19,0
"SLC26A1","META5",19,0
"SLC49A3","META5",19,0
"SPON2","META5",19,0
"TACC3","META5",19,0
"TMED11P","META5",19,0
"TMEM129","META5",19,0
"TMEM175","META5",19,1
"TMEM271","META5",19,0
"UVSSA","META5",19,0
"ZNF141","META5",19,0
"ZNF595","META5",19,0
"ZNF718","META5",19,0
"ZNF721","META5",19,0
"ZNF732","META5",19,0
"ZNF876P","META5",19,0
"BST1","META5",20,1
"C1QTNF7","META5",20,0
"CC2D2A","META5",20,0
"CD38","META5",20,1
"CPEB2","META5",20,0
"CPEB2-DT","META5",20,0
"FAM200B","META5",20,0
"FBXL5","META5",20,0
"FGFBP1","META5",20,0
"FGFBP2","META5",20,0
"LDB2","META5",20,0
"LINC00504","META5",20,0
"LOC101929095","META5",20,0
"PROM1","META5",20,0
"TAPT1","META5",20,0
"TAPT1-AS1","META5",20,0
"CLRN2","META5",21,0
"DCAF16","META5",21,0
"FAM184B","META5",21,0
"LAP3","META5",21,0
"LCORL","META5",21,0
"LINC02493","META5",21,0
"MED28","META5",21,0
"NCAPG","META5",21,0
"QDPR","META5",21,0
"SNORA75B","META5",21,0
"ART3","META5",22,0
"CCDC158","META5",22,0
"CCNG2","META5",22,0
"CCNI","META5",22,0
"CDKL2","META5",22,0
"CXCL10","META5",22,1
"CXCL11","META5",22,0
"CXCL9","META5",22,0
"FAM47E","META5",22,0
"FAM47E-STBD1","META5",22,0
"G3BP2","META5",22,0
"LINC02483","META5",22,0
"LOC101928809","META5",22,0
"MIR4450","META5",22,0
"MIR548AH","META5",22,0
"NAAA","META5",22,0
"NUP54","META5",22,0
"ODAPH","META5",22,0
"PPEF2","META5",22,0
"RCHY1","META5",22,0
"SCARB2","META5",22,1
"SDAD1","META5",22,0
"SEPTIN11","META5",22,0
"SHROOM3","META5",22,0
"SOWAHB","META5",22,0
"STBD1","META5",22,0
"THAP6","META5",22,0
"USO1","META5",22,0
"CCSER1","META5",23,0
"FAM13A","META5",23,0
"FAM13A-AS1","META5",23,0
"GPRIN3","META5",23,0
"HERC3","META5",23,0
"MMRN1","META5",23,0
"SNCA","META5",23,1
"SNCA-AS1","META5",23,0
"TIGD2","META5",23,0
"ANK2","META5",24,0
"ARSJ","META5",24,0
"CAMK2D","META5",24,0
"LARP7","META5",24,0
"LOC105377372","META5",24,0
"MIR1243","META5",24,0
"MIR302A","META5",24,0
"MIR302B","META5",24,0
"MIR302C","META5",24,0
"MIR302CHG","META5",24,0
"MIR302D","META5",24,0
"MIR367","META5",24,0
"MIR8082","META5",24,0
"NEUROG2","META5",24,0
"ZGRF1","META5",24,0
"AADAT","META5",25,0
"CBR4","META5",25,0
"CLCN3","META5",25,0
"HPF1","META5",25,0
"LINC01612","META5",25,0
"LINC02275","META5",25,0
"MFAP3L","META5",25,0
"NEK1","META5",25,0
"PALLD","META5",25,0
"SH3RF1","META5",25,0
"C5orf64","META5",26,0
"C5orf64-AS1","META5",26,0
"DEPDC1B","META5",26,0
"ELOVL7","META5",26,0
"ERCC8","META5",26,0
"LINC02057","META5",26,0
"LOC101928651","META5",26,0
"NDUFAF2","META5",26,0
"PART1","META5",26,0
"PDE4D","META5",26,0
"SMIM15","META5",26,0
"SMIM15-AS1","META5",26,0
"ZSWIM6","META5",26,0
"C5orf30","META5",27,0
"GIN1","META5",27,0
"LINC00491","META5",27,0
"LINC00492","META5",27,0
"LINC02115","META5",27,0
"NUDT12","META5",27,0
"PAM","META5",27,1
"PPIP5K2","META5",27,0
"SLCO4C1","META5",27,0
"SLCO6A1","META5",27,0
"C5orf15","META5",28,0
"C5orf24","META5",28,0
"C5orf66","META5",28,0
"C5orf66-AS1","META5",28,0
"C5orf66-AS2","META5",28,0
"CAMLG","META5",28,0
"CATSPER3","META5",28,0
"CDKL3","META5",28,0
"CDKN2AIPNL","META5",28,0
"CXCL14","META5",28,0
"DCANP1","META5",28,0
"DDX46","META5",28,0
"H2AFY","META5",28,0
"JADE2","META5",28,0
"LINC01843","META5",28,0
"LOC102546229","META5",28,0
"LOC105379183","META5",28,0
"LOC107986453","META5",28,0
"MIR3661","META5",28,0
"MIR5692C1","META5",28,0
"NEUROG1","META5",28,0
"PCBD2","META5",28,0
"PITX1","META5",28,0
"PPP2CA","META5",28,0
"SAR1B","META5",28,0
"SEC24A","META5",28,0
"SKP1","META5",28,1
"SLC25A48","META5",28,0
"SLC25A48-AS1","META5",28,0
"TCF7","META5",28,0
"TIFAB","META5",28,0
"TXNDC15","META5",28,0
"UBE2B","META5",28,0
"VDAC1","META5",28,1
"WSPAR","META5",28,0
"GPX5","META5",29,0
"GPX6","META5",29,0
"GUSBP2","META5",29,0
"HIST1H1B","META5",29,0
"HIST1H2AG","META5",29,0
"HIST1H2AH","META5",29,0
"HIST1H2AI","META5",29,0
"HIST1H2AJ","META5",29,0
"HIST1H2AK","META5",29,0
"HIST1H2AL","META5",29,0
"HIST1H2AM","META5",29,0
"HIST1H2BJ","META5",29,0
"HIST1H2BK","META5",29,0
"HIST1H2BL","META5",29,0
"HIST1H2BM","META5",29,0
"HIST1H2BN","META5",29,0
"HIST1H2BO","META5",29,0
"HIST1H3H","META5",29,0
"HIST1H3I","META5",29,0
"HIST1H3J","META5",29,0
"HIST1H4I","META5",29,0
"HIST1H4J","META5",29,0
"HIST1H4K","META5",29,0
"HIST1H4L","META5",29,0
"LINC00240","META5",29,0
"LINC00533","META5",29,0
"LINC01012","META5",29,0
"LOC100131289","META5",29,0
"LOC100270746","META5",29,0
"MIR3143","META5",29,0
"NKAPL","META5",29,0
"OR1F12","META5",29,0
"OR2B2","META5",29,0
"OR2B6","META5",29,0
"PGBD1","META5",29,0
"POM121L2","META5",29,0
"PRSS16","META5",29,0
"TOB2P1","META5",29,0
"VN1R10P","META5",29,0
"ZBED9","META5",29,0
"ZKSCAN3","META5",29,0
"ZKSCAN4","META5",29,0
"ZKSCAN8","META5",29,0
"ZNF165","META5",29,0
"ZNF184","META5",29,1
"ZNF192P1","META5",29,0
"ZNF204P","META5",29,0
"ZNF391","META5",29,0
"ZSCAN12","META5",29,0
"ZSCAN12P1","META5",29,0
"ZSCAN16","META5",29,0
"ZSCAN16-AS1","META5",29,0
"ZSCAN23","META5",29,0
"ZSCAN26","META5",29,0
"ZSCAN31","META5",29,0
"ZSCAN9","META5",29,0
"ABCF1","META5",30,0
"ATAT1","META5",30,0
"C6orf136","META5",30,0
"C6orf15","META5",30,0
"CDSN","META5",30,0
"DDR1","META5",30,0
"DHX16","META5",30,0
"FLOT1","META5",30,0
"GABBR1","META5",30,0
"GNL1","META5",30,0
"GTF2H4","META5",30,0
"HCG17","META5",30,0
"HCG18","META5",30,0
"HCG20","META5",30,0
"HCG21","META5",30,0
"HCG22","META5",30,0
"HCG4","META5",30,0
"HCG4B","META5",30,0
"HCG9","META5",30,0
"HCP5B","META5",30,0
"HLA-A","META5",30,0
"HLA-E","META5",30,0
"HLA-F","META5",30,0
"HLA-F-AS1","META5",30,0
"HLA-G","META5",30,0
"HLA-H","META5",30,0
"HLA-J","META5",30,0
"HLA-L","META5",30,0
"HLA-V","META5",30,0
"IER3","META5",30,0
"IER3-AS1","META5",30,0
"IFITM4P","META5",30,0
"LINC00243","META5",30,0
"LINC01015","META5",30,0
"LINC02569","META5",30,0
"LINC02570","META5",30,0
"LOC101929006","META5",30,0
"MAS1L","META5",30,0
"MDC1","META5",30,0
"MDC1-AS1","META5",30,0
"MIR4640","META5",30,0
"MIR6891","META5",30,0
"MIR877","META5",30,0
"MOG","META5",30,1
"MRPS18B","META5",30,0
"MUC21","META5",30,0
"MUC22","META5",30,0
"MUCL3","META5",30,0
"NRM","META5",30,0
"OR10C1","META5",30,0
"OR11A1","META5",30,0
"OR12D1","META5",30,0
"OR12D2","META5",30,0
"OR12D3","META5",30,0
"OR14J1","META5",30,0
"OR2H1","META5",30,0
"OR2H2","META5",30,0
"OR2J2","META5",30,0
"OR5V1","META5",30,0
"PPP1R10","META5",30,0
"PPP1R11","META5",30,0
"PPP1R18","META5",30,0
"PRR3","META5",30,0
"PSORS1C1","META5",30,0
"PSORS1C2","META5",30,0
"RNF39","META5",30,0
"RPP21","META5",30,0
"SFTA2","META5",30,0
"SNORD32B","META5",30,0
"TRIM10","META5",30,0
"TRIM15","META5",30,0
"TRIM26","META5",30,0
"TRIM31","META5",30,0
"TRIM31-AS1","META5",30,0
"TRIM39","META5",30,0
"TRIM39-RPP21","META5",30,0
"TRIM40","META5",30,0
"TUBB","META5",30,0
"UBD","META5",30,0
"VARS2","META5",30,0
"ZFP57","META5",30,0
"ZNRD1","META5",30,0
"ZNRD1ASP","META5",30,0
"ABHD16A","META5",31,0
"AGER","META5",31,0
"AGPAT1","META5",31,0
"AIF1","META5",31,0
"APOM","META5",31,0
"ATF6B","META5",31,0
"B3GALT4","META5",31,0
"BAG6","META5",31,0
"BAK1","META5",31,0
"BRD2","META5",31,0
"BTNL2","META5",31,0
"C2","META5",31,1
"C2-AS1","META5",31,0
"C4A","META5",31,0
"C4B","META5",31,0
"C4B_2","META5",31,0
"C6orf47","META5",31,0
"CFB","META5",31,0
"CLIC1","META5",31,0
"COL11A2","META5",31,0
"CSNK2B","META5",31,0
"CUTA","META5",31,0
"CYP21A1P","META5",31,0
"CYP21A2","META5",31,0
"DAXX","META5",31,1
"DDAH2","META5",31,0
"DXO","META5",31,0
"EGFL8","META5",31,0
"EHMT2","META5",31,0
"FKBPL","META5",31,0
"GGNBP1","META5",31,0
"GPANK1","META5",31,0
"GPSM3","META5",31,0
"HCG23","META5",31,0
"HCG24","META5",31,0
"HCG25","META5",31,0
"HLA-DMA","META5",31,0
"HLA-DMB","META5",31,0
"HLA-DOA","META5",31,0
"HLA-DOB","META5",31,0
"HLA-DPA1","META5",31,0
"HLA-DPB1","META5",31,0
"HLA-DPB2","META5",31,0
"HLA-DQA1","META5",31,0
"HLA-DQA2","META5",31,0
"HLA-DQB1","META5",31,1
"HLA-DQB1-AS1","META5",31,0
"HLA-DQB2","META5",31,0
"HLA-DRA","META5",31,1
"HLA-DRB1","META5",31,0
"HLA-DRB5","META5",31,1
"HLA-DRB6","META5",31,0
"HSD17B8","META5",31,0
"HSPA1A","META5",31,0
"HSPA1B","META5",31,0
"HSPA1L","META5",31,0
"KIFC1","META5",31,0
"LINC00336","META5",31,0
"LOC100294145","META5",31,0
"LOC100507547","META5",31,0
"LOC110384692","META5",31,0
"LSM2","META5",31,0
"LY6G5B","META5",31,0
"LY6G5C","META5",31,0
"LY6G6C","META5",31,0
"LY6G6D","META5",31,0
"LY6G6E","META5",31,0
"LY6G6F","META5",31,0
"LY6G6F-LY6G6D","META5",31,0
"MIR1234","META5",31,0
"MIR1236","META5",31,0
"MIR219A1","META5",31,0
"MIR3135B","META5",31,0
"MIR4646","META5",31,0
"MIR5004","META5",31,0
"MIR6721","META5",31,0
"MIR6832","META5",31,0
"MIR6833","META5",31,0
"MIR6834","META5",31,0
"MIR6873","META5",31,0
"MPIG6B","META5",31,0
"MSH5","META5",31,0
"MSH5-SAPCD1","META5",31,0
"NELFE","META5",31,0
"NEU1","META5",31,0
"NOTCH4","META5",31,0
"PBX2","META5",31,0
"PFDN6","META5",31,0
"PHF1","META5",31,0
"PPT2","META5",31,0
"PPT2-EGFL8","META5",31,0
"PRRC2A","META5",31,0
"PRRT1","META5",31,0
"PSMB8","META5",31,1
"PSMB8-AS1","META5",31,0
"PSMB9","META5",31,0
"RGL2","META5",31,0
"RING1","META5",31,1
"RNF5","META5",31,0
"RPS18","META5",31,0
"RXRB","META5",31,0
"SAPCD1","META5",31,0
"SAPCD1-AS1","META5",31,0
"SKIV2L","META5",31,0
"SLC39A7","META5",31,0
"SLC44A4","META5",31,0
"SMIM40","META5",31,0
"SNHG32","META5",31,0
"SNORA38","META5",31,0
"SNORD48","META5",31,0
"SNORD52","META5",31,0
"STK19","META5",31,0
"SYNGAP1","META5",31,0
"TAP1","META5",31,0
"TAP2","META5",31,0
"TAPBP","META5",31,0
"TNXA","META5",31,0
"TNXB","META5",31,0
"TSBP1","META5",31,0
"TSBP1-AS1","META5",31,0
"VARS","META5",31,0
"VPS52","META5",31,0
"VWA7","META5",31,0
"WDR46","META5",31,0
"ZBTB12","META5",31,0
"ZBTB22","META5",31,0
"ZBTB9","META5",31,0
"B3GAT2","META5",32,0
"KCNQ5","META5",32,0
"KCNQ5-IT1","META5",32,0
"LINC00472","META5",32,0
"LINC01626","META5",32,0
"MIR30A","META5",32,0
"MIR30C2","META5",32,0
"OGFRL1","META5",32,0
"RIMS1","META5",32,0
"SMAP1","META5",32,0
"CCN6","META5",33,0
"FAM229B","META5",33,0
"FYN","META5",33,1
"GSTM2P1","META5",33,0
"GTF3C6","META5",33,0
"LAMA4","META5",33,0
"LINC02527","META5",33,0
"LOC101927640","META5",33,0
"MFSD4B","META5",33,0
"REV3L","META5",33,0
"RFPL4B","META5",33,0
"RPF2","META5",33,0
"SLC16A10","META5",33,0
"SNORD166","META5",33,0
"TRAF3IP2","META5",33,0
"TRAF3IP2-AS1","META5",33,0
"TUBE1","META5",33,0
"CCN2","META5",34,0
"ENPP1","META5",34,0
"EYA4","META5",34,0
"LINC00326","META5",34,0
"LINC01013","META5",34,0
"LINC01312","META5",34,0
"MIR548AJ1","META5",34,0
"MOXD1","META5",34,0
"RPS12","META5",34,0
"SLC18B1","META5",34,0
"SNORA33","META5",34,0
"SNORD100","META5",34,0
"SNORD101","META5",34,0
"STX7","META5",34,0
"TAAR1","META5",34,1
"TAAR2","META5",34,0
"TAAR3P","META5",34,0
"TAAR5","META5",34,0
"TAAR6","META5",34,0
"TAAR8","META5",34,0
"TAAR9","META5",34,0
"TARID","META5",34,0
"TCF21","META5",34,0
"VNN1","META5",34,0
"VNN2","META5",34,0
"VNN3","META5",34,0
"CCDC126","META5",35,0
"CLK2P1","META5",35,0
"FAM126A","META5",35,0
"FAM221A","META5",35,0
"GPNMB","META5",35,1
"IGF2BP3","META5",35,0
"IL6","META5",35,1
"KLHL7","META5",35,0
"KLHL7-DT","META5",35,0
"LOC100506178","META5",35,0
"LOC401312","META5",35,0
"LOC541472","META5",35,0
"MALSU1","META5",35,0
"NUP42","META5",35,0
"RAPGEF5","META5",35,0
"RPS2P32","META5",35,0
"SNHG26","META5",35,0
"SNORD65C","META5",35,0
"SNORD93","META5",35,0
"STEAP1B","META5",35,0
"STK31","META5",35,0
"TOMM7","META5",35,0
"TRA2A","META5",35,0
"ASL","META5",36,1
"CCT6P1","META5",36,0
"CRCP","META5",36,0
"GS1-124K5.11","META5",36,0
"GS1-124K5.4","META5",36,0
"GTF2IP23","META5",36,0
"GTF2IRD1P1","META5",36,0
"GUSB","META5",36,0
"INTS4P2","META5",36,0
"KCTD7","META5",36,0
"LINC00174","META5",36,0
"LINC01372","META5",36,0
"LINC02604","META5",36,0
"LOC100996437","META5",36,0
"LOC101929322","META5",36,0
"LOC441242","META5",36,0
"MIR4650-1","META5",36,0
"MIR4650-2","META5",36,0
"PMS2P4","META5",36,0
"RABGEF1","META5",36,0
"SBDS","META5",36,0
"SNORA15B-1","META5",36,0
"SNORA15B-2","META5",36,0
"SNORA22","META5",36,0
"STAG3L4","META5",36,0
"TMEM248","META5",36,0
"TPST1","META5",36,0
"TYW1","META5",36,0
"VKORC1L1","META5",36,0
"BLK","META5",37,0
"C8orf49","META5",37,0
"CTSB","META5",37,1
"DEFB109A","META5",37,0
"DEFB130A","META5",37,0
"DEFB130B","META5",37,0
"DEFB134","META5",37,0
"DEFB135","META5",37,0
"DEFB136","META5",37,0
"FAM167A","META5",37,0
"FAM167A-AS1","META5",37,0
"FAM66A","META5",37,0
"FAM66D","META5",37,0
"FAM85A","META5",37,0
"FAM86B1","META5",37,0
"FAM86B2","META5",37,0
"FAM90A25P","META5",37,0
"FAM90A2P","META5",37,0
"FDFT1","META5",37,0
"GATA4","META5",37,0
"LINC00208","META5",37,0
"LINC00681","META5",37,0
"LOC100129129","META5",37,0
"LOC100506990","META5",37,0
"LOC101929269","META5",37,0
"LOC340357","META5",37,0
"LOC392196","META5",37,0
"LOC649352","META5",37,0
"LOC729732","META5",37,0
"LONRF1","META5",37,0
"MIR3926-1","META5",37,0
"MIR3926-2","META5",37,0
"MIR5692A1","META5",37,0
"MIR5692A2","META5",37,0
"MIR598","META5",37,0
"MTMR9","META5",37,0
"NEIL2","META5",37,0
"SLC35G5","META5",37,0
"SNORA99","META5",37,0
"TDH","META5",37,0
"USP17L2","META5",37,0
"USP17L7","META5",37,0
"XKR6","META5",37,0
"ZNF705D","META5",37,0
"CNOT7","META5",38,0
"FGF20","META5",38,1
"MICU3","META5",38,0
"MIR548V","META5",38,0
"MSR1","META5",38,0
"MTMR7","META5",38,0
"MTUS1","META5",38,0
"PDGFRL","META5",38,0
"SLC7A2","META5",38,0
"VPS37A","META5",38,0
"ZDHHC2","META5",38,0
"BIN3","META5",39,0
"BIN3-IT1","META5",39,0
"BMP1","META5",39,0
"C8orf58","META5",39,0
"CCAR2","META5",39,0
"CHMP7","META5",39,0
"DMTN","META5",39,0
"DOK2","META5",39,0
"EGR3","META5",39,0
"ENTPD4","META5",39,0
"FAM160B2","META5",39,0
"FGF17","META5",39,0
"GFRA2","META5",39,0
"HR","META5",39,1
"LGI3","META5",39,0
"LOC100507071","META5",39,0
"LOC100507156","META5",39,0
"LOC101929237","META5",39,0
"LOC107986876","META5",39,0
"LOC254896","META5",39,0
"LOC286059","META5",39,0
"LOC389641","META5",39,0
"LOXL2","META5",39,0
"MIR320A","META5",39,0
"NPM2","META5",39,0
"NUDT18","META5",39,0
"PDLIM2","META5",39,0
"PEBP4","META5",39,0
"PHYHIP","META5",39,0
"PIWIL2","META5",39,0
"POLR3D","META5",39,0
"PPP3CC","META5",39,0
"R3HCC1","META5",39,0
"REEP4","META5",39,0
"RHOBTB2","META5",39,0
"SFTPC","META5",39,0
"SLC25A37","META5",39,0
"SLC39A14","META5",39,0
"SORBS3","META5",39,0
"TNFRSF10A","META5",39,0
"TNFRSF10B","META5",39,0
"TNFRSF10C","META5",39,0
"TNFRSF10D","META5",39,0
"XPO7","META5",39,0
"ADCY8","META5",40,0
"ASAP1","META5",40,0
"ASAP1-IT1","META5",40,0
"ASAP1-IT2","META5",40,0
"CCDC26","META5",40,0
"FAM49B","META5",40,0
"GSDMC","META5",40,0
"LINC00976","META5",40,0
"LINC00977","META5",40,0
"MIR3686","META5",40,0
"MIR5194","META5",40,0
"ADAMTSL1","META5",41,0
"BNC2","META5",41,0
"BNC2-AS1","META5",41,0
"CNTLN","META5",41,0
"MIR3152","META5",41,0
"SH3GL2","META5",41,1
"ANKRD18B","META5",42,0
"ANXA2P2","META5",42,0
"AQP3","META5",42,0
"AQP7","META5",42,0
"ARID3C","META5",42,0
"B4GALT1","META5",42,0
"B4GALT1-AS1","META5",42,0
"BAG1","META5",42,0
"C9orf131","META5",42,0
"C9orf24","META5",42,0
"CCL19","META5",42,0
"CCL21","META5",42,0
"CCL27","META5",42,0
"CHMP5","META5",42,0
"CNTFR","META5",42,0
"CNTFR-AS1","META5",42,0
"DCAF12","META5",42,0
"DCTN3","META5",42,0
"DNAI1","META5",42,0
"DNAJB5","META5",42,0
"DNAJB5-DT","META5",42,0
"ENHO","META5",42,0
"FAM205A","META5",42,0
"FAM205BP","META5",42,0
"FAM205C","META5",42,0
"FAM219A","META5",42,0
"GALT","META5",42,0
"IL11RA","META5",42,0
"KIF24","META5",42,0
"LINC01251","META5",42,0
"LOC730098","META5",42,0
"MIR12117","META5",42,0
"MIR6851","META5",42,0
"MYORG","META5",42,0
"NFX1","META5",42,0
"NOL6","META5",42,0
"NUDT2","META5",42,0
"PHF24","META5",42,0
"PRSS3","META5",42,0
"PTENP1","META5",42,0
"PTENP1-AS","META5",42,0
"RPP25L","META5",42,0
"SIGMAR1","META5",42,0
"SMU1","META5",42,0
"SNORD121A","META5",42,0
"SNORD121B","META5",42,0
"SPINK4","META5",42,0
"SUGT1P1","META5",42,0
"UBAP1","META5",42,0
"UBAP2","META5",42,0
"UBE2R2","META5",42,0
"ACBD7","META5",43,0
"ACBD7-DCLRE1CP1","META5",43,0
"C1QL3","META5",43,0
"CDNF","META5",43,1
"DCLRE1C","META5",43,0
"DCLRE1CP1","META5",43,0
"FAM107B","META5",43,0
"FAM171A1","META5",43,0
"HSPA14","META5",43,0
"ITGA8","META5",43,1
"MEIG1","META5",43,0
"MINDY3","META5",43,0
"NMT2","META5",43,0
"OLAH","META5",43,0
"PPIAP30","META5",43,0
"PTER","META5",43,0
"RPP38","META5",43,0
"RPP38-DT","META5",43,0
"SUV39H2","META5",43,0
"ACTR1A","META5",44,0
"ARL3","META5",44,0
"ARMH3","META5",44,0
"AS3MT","META5",44,0
"BORCS7","META5",44,0
"BORCS7-ASMT","META5",44,0
"BTRC","META5",44,0
"C10orf95","META5",44,0
"CNNM2","META5",44,0
"CUEDC2","META5",44,0
"CYP17A1","META5",44,0
"DPCD","META5",44,0
"ELOVL3","META5",44,0
"FBXL15","META5",44,0
"FBXW4","META5",44,0
"FGF8","META5",44,1
"GBF1","META5",44,0
"HPS6","META5",44,0
"KCNIP2","META5",44,0
"KCNIP2-AS1","META5",44,0
"LDB1","META5",44,0
"LINC02681","META5",44,0
"LOC107984265","META5",44,0
"MFSD13A","META5",44,0
"MIR146B","META5",44,0
"MIR3158-1","META5",44,0
"MIR3158-2","META5",44,0
"NFKB2","META5",44,0
"NOLC1","META5",44,0
"NPM3","META5",44,0
"NT5C2","META5",44,0
"OGA","META5",44,1
"PITX3","META5",44,1
"POLL","META5",44,0
"PPRC1","META5",44,0
"PSD","META5",44,1
"RPARP-AS1","META5",44,0
"RPEL1","META5",44,0
"SFXN2","META5",44,0
"SUFU","META5",44,0
"TRIM8","META5",44,0
"WBP1L","META5",44,0
"BAG3","META5",45,1
"CACUL1","META5",45,0
"EIF3A","META5",45,0
"FAM45A","META5",45,0
"GRK5","META5",45,1
"INPP5F","META5",45,0
"LINC01561","META5",45,0
"MCMBP","META5",45,0
"MIR4681","META5",45,0
"MIR4682","META5",45,0
"NANOS1","META5",45,0
"PLPP4","META5",45,0
"PRDX3","META5",45,0
"RGS10","META5",45,1
"RPL21","META5",45,0
"SEC23IP","META5",45,0
"SFXN4","META5",45,0
"SNORA19","META5",45,0
"TIAL1","META5",45,0
"WDR11-AS1","META5",45,0
"ADM","META5",46,1
"AMPD3","META5",46,0
"CAND1.11","META5",46,0
"CSNK2A3","META5",46,0
"CTR9","META5",46,0
"EIF4G2","META5",46,0
"GALNT18","META5",46,0
"LINC02709","META5",46,0
"LOC101928008","META5",46,0
"LOC101928053","META5",46,0
"LYVE1","META5",46,0
"MIR4485","META5",46,0
"MRVI1","META5",46,0
"MRVI1-AS1","META5",46,0
"MTRNR2L8","META5",46,0
"RNF141","META5",46,0
"SBF2","META5",46,0
"SBF2-AS1","META5",46,0
"SNORD97","META5",46,0
"SWAP70","META5",46,0
"WEE1","META5",46,0
"ZBED5","META5",46,0
"ZBED5-AS1","META5",46,0
"ANKRD42","META5",47,0
"CCDC90B","META5",47,0
"DDIAS","META5",47,0
"DLG2","META5",47,0
"LOC100506282","META5",47,0
"PCF11","META5",47,0
"PCF11-AS1","META5",47,0
"PRCP","META5",47,0
"RAB30","META5",47,0
"RAB30-DT","META5",47,0
"SNORA70E","META5",47,0
"ACAD8","META5",48,0
"B3GAT1","META5",48,0
"GLB1L2","META5",48,0
"GLB1L3","META5",48,0
"IGSF9B","META5",48,0
"JAM3","META5",48,0
"LINC02714","META5",48,0
"LINC02731","META5",48,0
"LINC02743","META5",48,0
"LOC283177","META5",48,0
"MIR4697","META5",48,1
"MIR4697HG","META5",48,0
"NCAPD3","META5",48,0
"OPCML","META5",48,0
"SNORD153","META5",48,0
"SPATA19","META5",48,0
"THYN1","META5",48,0
"VPS26B","META5",48,0
"ABCD2","META5",49,0
"C12orf40","META5",49,0
"CNTN1","META5",49,0
"KIF21A","META5",49,0
"LINC02471","META5",49,0
"LRRK2","META5",49,1
"MUC19","META5",49,0
"PDZRN4","META5",49,0
"SLC2A13","META5",49,0
"ANO6","META5",50,0
"ARID2","META5",50,0
"DBX2","META5",50,0
"LINC00938","META5",50,0
"LOC100288798","META5",50,0
"PLEKHA8P1","META5",50,0
"RACGAP1P","META5",50,0
"SCAF11","META5",50,0
"SLC38A1","META5",50,0
"SLC38A2","META5",50,0
"SLC38A4","META5",50,0
"ABCB9","META5",51,0
"ARL6IP4","META5",51,0
"ATP6V0A2","META5",51,0
"B3GNT4","META5",51,0
"BCL7A","META5",51,0
"C12orf65","META5",51,0
"CCDC62","META5",51,1
"CDK2AP1","META5",51,0
"CLIP1","META5",51,0
"CLIP1-AS1","META5",51,0
"DDX55","META5",51,0
"DENR","META5",51,0
"DIABLO","META5",51,0
"DNAH10","META5",51,0
"EIF2B1","META5",51,0
"GTF2H3","META5",51,0
"HCAR1","META5",51,0
"HCAR2","META5",51,0
"HCAR3","META5",51,0
"HIP1R","META5",51,1
"IL31","META5",51,0
"KMT5A","META5",51,0
"KNTC1","META5",51,0
"LOC100506691","META5",51,0
"LOC101593348","META5",51,0
"LRRC43","META5",51,0
"MIR3908","META5",51,0
"MIR4304","META5",51,0
"MIR8072","META5",51,0
"MIR9902-1","META5",51,0
"MIR9902-2","META5",51,0
"MLXIP","META5",51,0
"MPHOSPH9","META5",51,0
"OGFOD2","META5",51,0
"PITPNM2","META5",51,0
"PITPNM2-AS1","META5",51,0
"PSMD9","META5",51,0
"RILPL1","META5",51,1
"RILPL2","META5",51,1
"RSRC2","META5",51,0
"SBNO1","META5",51,0
"SBNO1-AS1","META5",51,0
"SNORA9B","META5",51,0
"SNRNP35","META5",51,0
"TCTN2","META5",51,0
"TMED2","META5",51,0
"TMED2-DT","META5",51,0
"VPS33A","META5",51,0
"VPS37B","META5",51,0
"WDR66","META5",51,0
"ZCCHC8","META5",51,0
"ANHX","META5",52,0
"ANKLE2","META5",52,0
"CHFR","META5",52,0
"DDX51","META5",52,0
"EP400","META5",52,0
"EP400P1","META5",52,0
"FBRSL1","META5",52,0
"GALNT9","META5",52,0
"GOLGA3","META5",52,0
"LINC02361","META5",52,0
"LINC02414","META5",52,0
"LOC100130238","META5",52,0
"LOC101928416","META5",52,0
"LOC101928530","META5",52,0
"LOC101928597","META5",52,0
"LRCOL1","META5",52,0
"MIR6763","META5",52,0
"MMP17","META5",52,0
"NOC4L","META5",52,0
"P2RX2","META5",52,0
"PGAM5","META5",52,0
"POLE","META5",52,1
"PUS1","META5",52,0
"PXMP2","META5",52,0
"SFSWAP","META5",52,0
"SNORA49","META5",52,0
"ULK1","META5",52,1
"ZNF10","META5",52,0
"ZNF140","META5",52,0
"ZNF26","META5",52,0
"ZNF268","META5",52,0
"ZNF605","META5",52,0
"ZNF84","META5",52,0
"ZNF891","META5",52,0
"ARL11","META5",53,0
"CAB39L","META5",53,0
"CDADC1","META5",53,0
"CTAGE10P","META5",53,0
"CYSLTR2","META5",53,0
"DLEU1","META5",53,0
"DLEU2","META5",53,0
"EBPL","META5",53,0
"FNDC3A","META5",53,0
"KCNRG","META5",53,0
"KPNA3","META5",53,0
"LINC00462","META5",53,0
"LOC105370203","META5",53,0
"LPAR6","META5",53,0
"MIR15A","META5",53,0
"MIR16-1","META5",53,0
"MIR3613","META5",53,0
"MLNR","META5",53,0
"PHF11","META5",53,0
"RB1","META5",53,1
"RCBTB1","META5",53,0
"RCBTB2","META5",53,0
"SETDB2","META5",53,0
"SETDB2-PHF11","META5",53,0
"SPRYD7","META5",53,0
"ST13P4","META5",53,0
"TRIM13","META5",53,0
"FARP1","META5",54,0
"HS6ST3","META5",54,0
"IPO5","META5",54,0
"LINC00359","META5",54,0
"LINC00456","META5",54,0
"MBNL2","META5",54,0
"MIR3170","META5",54,0
"MIR4501","META5",54,0
"OXGR1","META5",54,0
"RAP2A","META5",54,0
"RNF113B","META5",54,0
"CLEC14A","META5",55,0
"FOXA1","META5",55,1
"LINC00517","META5",55,0
"MIPOL1","META5",55,0
"MIR4503","META5",55,0
"NKX2-1","META5",55,0
"NKX2-1-AS1","META5",55,0
"NKX2-8","META5",55,0
"PAX9","META5",55,0
"SLC25A21","META5",55,0
"SLC25A21-AS1","META5",55,0
"SSTR1","META5",55,0
"TTC6","META5",55,0
"ATG14","META5",56,0
"BMP4","META5",56,1
"CDKN3","META5",56,0
"CGRRF1","META5",56,0
"CNIH1","META5",56,0
"DLGAP5","META5",56,0
"FBXO34","META5",56,0
"GCH1","META5",56,1
"GMFB","META5",56,0
"KTN1","META5",56,0
"KTN1-AS1","META5",56,0
"LGALS3","META5",56,0
"LINC00520","META5",56,0
"MAPK1IP1L","META5",56,0
"MIR4308","META5",56,0
"MIR5580","META5",56,0
"RPL13AP3","META5",56,0
"SAMD4A","META5",56,0
"SOCS4","META5",56,0
"TBPL2","META5",56,0
"WDHD1","META5",56,0
"ABCD4","META5",57,0
"ACYP1","META5",57,0
"ALDH6A1","META5",57,0
"AREL1","META5",57,0
"BATF","META5",57,0
"BBOF1","META5",57,0
"COQ6","META5",57,0
"DLST","META5",57,0
"EIF2B2","META5",57,0
"ENTPD5","META5",57,0
"ERG28","META5",57,0
"FAM161B","META5",57,0
"FCF1","META5",57,0
"FLVCR2","META5",57,0
"FOS","META5",57,1
"ISCA2","META5",57,0
"JDP2","META5",57,0
"LIN52","META5",57,0
"LINC01220","META5",57,0
"LOC102724153","META5",57,0
"LTBP2","META5",57,0
"MIR4709","META5",57,0
"MLH3","META5",57,0
"NEK9","META5",57,0
"NPC2","META5",57,0
"PGF","META5",57,1
"PROX2","META5",57,0
"RPS6KL1","META5",57,0
"SYNDIG1L","META5",57,0
"TMED10","META5",57,0
"TTLL5","META5",57,0
"VRTN","META5",57,0
"VSX2","META5",57,0
"YLPM1","META5",57,0
"ZC2HC1C","META5",57,0
"ZNF410","META5",57,0
"EML5","META5",58,0
"GALC","META5",58,1
"GPR65","META5",58,0
"KCNK10","META5",58,0
"LINC01146","META5",58,0
"LINC01147","META5",58,0
"LINC02330","META5",58,0
"PTPN21","META5",58,0
"SPATA7","META5",58,0
"TTC8","META5",58,0
"ZC3H14","META5",58,0
"C2CD4A","META5",59,0
"C2CD4B","META5",59,0
"GOLGA2P11","META5",59,0
"LINC02349","META5",59,0
"LOC101928907","META5",59,0
"LOC107984784","META5",59,0
"MGC15885","META5",59,0
"MIR6085","META5",59,0
"MIR8067","META5",59,0
"RORA","META5",59,0
"TLN2","META5",59,0
"VPS13C","META5",59,1
"ABCC6P1","META5",60,0
"ARL6IP1","META5",60,0
"CCP110","META5",60,0
"CLEC19A","META5",60,0
"COQ7","META5",60,0
"GDE1","META5",60,0
"GPR139","META5",60,0
"GPRC5B","META5",60,0
"IQCK","META5",60,0
"ITPRIPL2","META5",60,0
"KNOP1","META5",60,0
"LOC100288162","META5",60,0
"LOC102723385","META5",60,0
"MIR3179-1","META5",60,0
"MIR3179-2","META5",60,0
"MIR3179-3","META5",60,0
"MIR3179-4","META5",60,0
"MIR3180-1","META5",60,0
"MIR3180-2","META5",60,0
"MIR3180-3","META5",60,0
"MIR3670-1","META5",60,0
"MIR3670-2","META5",60,0
"MIR3670-3","META5",60,0
"MIR3670-4","META5",60,0
"MIR6511A1","META5",60,0
"MIR6511A2","META5",60,0
"MIR6511A3","META5",60,0
"MIR6511A4","META5",60,0
"MIR6770-1","META5",60,0
"MIR6770-2","META5",60,0
"MIR6770-3","META5",60,0
"NOMO2","META5",60,0
"NPIPA7","META5",60,0
"NPIPA8","META5",60,0
"PKD1P4-NPIPA8","META5",60,0
"PKD1P5-LOC105376752","META5",60,0
"RPS15A","META5",60,0
"SMG1","META5",60,0
"SYT17","META5",60,0
"TMC5","META5",60,0
"TMC7","META5",60,0
"VPS35L","META5",60,0
"APOBR","META5",61,0
"ASPHD1","META5",61,0
"ATP2A1","META5",61,0
"ATP2A1-AS1","META5",61,0
"ATXN2L","META5",61,0
"BOLA2","META5",61,0
"BOLA2B","META5",61,0
"BOLA2-SMG1P6","META5",61,0
"C16orf54","META5",61,0
"CD19","META5",61,1
"CDIPT","META5",61,0
"CDIPTOSP","META5",61,0
"CLN3","META5",61,0
"EIF3C","META5",61,0
"EIF3CL","META5",61,0
"GSG1L","META5",61,0
"IL27","META5",61,0
"KCTD13","META5",61,0
"KIF22","META5",61,0
"LAT","META5",61,1
"LOC388242","META5",61,0
"LOC606724","META5",61,0
"LOC613038","META5",61,0
"MAZ","META5",61,0
"MIR3680-1","META5",61,0
"MIR3680-2","META5",61,0
"MIR4517","META5",61,0
"MIR4721","META5",61,0
"MIR6862-1","META5",61,0
"MIR6862-2","META5",61,0
"MVP","META5",61,0
"NFATC2IP","META5",61,0
"NPIPB11","META5",61,0
"NPIPB12","META5",61,0
"NPIPB6","META5",61,0
"NPIPB8","META5",61,0
"NPIPB9","META5",61,0
"NUPR1","META5",61,0
"PAGR1","META5",61,0
"PRRT2","META5",61,0
"QPRT","META5",61,0
"RABEP2","META5",61,0
"RRN3P2","META5",61,0
"SBK1","META5",61,0
"SEZ6L2","META5",61,0
"SGF29","META5",61,0
"SH2B1","META5",61,0
"SLX1A","META5",61,0
"SLX1A-SULT1A3","META5",61,0
"SLX1B","META5",61,0
"SLX1B-SULT1A4","META5",61,0
"SMG1P2","META5",61,0
"SMG1P6","META5",61,0
"SNX29P2","META5",61,0
"SPN","META5",61,1
"SPNS1","META5",61,0
"SULT1A1","META5",61,0
"SULT1A2","META5",61,0
"SULT1A3","META5",61,0
"SULT1A4","META5",61,0
"TUFM","META5",61,0
"XPO6","META5",61,0
"ZG16","META5",61,0
"AHSP","META5",62,0
"ALDOA","META5",62,0
"ARMC5","META5",62,0
"BCKDK","META5",62,0
"BCL7C","META5",62,0
"BOLA2","META5",62,0
"BOLA2B","META5",62,0
"C16orf58","META5",62,0
"C16orf92","META5",62,0
"CCDC189","META5",62,0
"CD2BP2","META5",62,0
"CLUHP3","META5",62,0
"CORO1A","META5",62,0
"COX6A2","META5",62,0
"CTF1","META5",62,0
"DCTPP1","META5",62,0
"DOC2A","META5",62,0
"FBRS","META5",62,0
"FBXL19","META5",62,0
"FBXL19-AS1","META5",62,0
"FRG2KP","META5",62,0
"FUS","META5",62,1
"GDPD3","META5",62,0
"HIRIP3","META5",62,0
"HSD3B7","META5",62,0
"INO80E","META5",62,0
"ITGAD","META5",62,0
"ITGAL","META5",62,0
"ITGAM","META5",62,0
"ITGAX","META5",62,0
"KAT8","META5",62,0
"LINC02190","META5",62,0
"LOC101928595","META5",62,0
"LOC112694756","META5",62,0
"LOC388242","META5",62,0
"LOC606724","META5",62,0
"LOC613038","META5",62,0
"LOC730183","META5",62,0
"MAPK3","META5",62,0
"MIR4518","META5",62,0
"MIR4519","META5",62,0
"MIR762","META5",62,0
"MIR762HG","META5",62,0
"MYLPF","META5",62,0
"NPIPB12","META5",62,0
"NPIPB13","META5",62,0
"ORAI3","META5",62,0
"PHKG2","META5",62,0
"PPP4C","META5",62,0
"PRR14","META5",62,0
"PRSS36","META5",62,0
"PRSS53","META5",62,0
"PRSS8","META5",62,0
"PYCARD","META5",62,0
"PYCARD-AS1","META5",62,0
"PYDC1","META5",62,0
"RNF40","META5",62,0
"SEPHS2","META5",62,0
"SEPTIN1","META5",62,0
"SETD1A","META5",62,0
"SLC5A2","META5",62,0
"SLX1A","META5",62,0
"SLX1A-SULT1A3","META5",62,0
"SLX1B","META5",62,0
"SLX1B-SULT1A4","META5",62,0
"SMG1P5","META5",62,0
"SNORA30","META5",62,0
"SNORA80C","META5",62,0
"SRCAP","META5",62,0
"STX1B","META5",62,1
"STX4","META5",62,0
"SULT1A3","META5",62,0
"SULT1A4","META5",62,0
"TAOK2","META5",62,0
"TBC1D10B","META5",62,0
"TBX6","META5",62,0
"TGFB1I1","META5",62,0
"TLCD3B","META5",62,0
"TMEM219","META5",62,0
"TMEM265","META5",62,0
"TRIM72","META5",62,0
"VKORC1","META5",62,0
"VN1R3","META5",62,0
"YBX3P1","META5",62,0
"YPEL3","META5",62,0
"ZNF267","META5",62,0
"ZNF48","META5",62,0
"ZNF629","META5",62,0
"ZNF646","META5",62,0
"ZNF668","META5",62,0
"ZNF688","META5",62,0
"ZNF689","META5",62,0
"ZNF720","META5",62,0
"ZNF747","META5",62,0
"ZNF764","META5",62,0
"ZNF768","META5",62,0
"ZNF771","META5",62,0
"ZNF785","META5",62,0
"ZNF843","META5",62,0
"ADCY7","META5",63,0
"BRD7","META5",63,0
"CNEP1R1","META5",63,0
"CYLD","META5",63,0
"HEATR3","META5",63,0
"LINC02127","META5",63,0
"LINC02168","META5",63,0
"LINC02178","META5",63,0
"LOC101927272","META5",63,0
"MIR3181","META5",63,0
"MIR6771","META5",63,0
"NKD1","META5",63,0
"NOD2","META5",63,1
"SALL1","META5",63,0
"SNX20","META5",63,0
"TENT4B","META5",63,0
"ZNF423","META5",63,0
"AKTIP","META5",64,0
"C16orf97","META5",64,0
"CASC16","META5",64,0
"CASC22","META5",64,0
"CHD9","META5",64,0
"LINC00919","META5",64,0
"LINC01571","META5",64,0
"LINC02180","META5",64,0
"LOC102723373","META5",64,0
"LOC105371267","META5",64,0
"LOC643802","META5",64,0
"RBL2","META5",64,0
"RPGRIP1L","META5",64,0
"TOX3","META5",64,0
"AKTIP","META5",65,0
"C16orf97","META5",65,0
"CASC16","META5",65,0
"CASC22","META5",65,0
"CHD9","META5",65,0
"FTO","META5",65,1
"LINC00919","META5",65,0
"LINC02180","META5",65,0
"LOC102723373","META5",65,0
"LOC105371267","META5",65,0
"LOC643802","META5",65,0
"RBL2","META5",65,0
"RPGRIP1L","META5",65,0
"TOX3","META5",65,0
"ACADVL","META5",66,0
"ACAP1","META5",66,0
"ALOX12","META5",66,0
"ALOX12-AS1","META5",66,0
"ALOX12B","META5",66,0
"ALOX12P2","META5",66,0
"ALOX15B","META5",66,0
"ALOX15P1","META5",66,0
"ALOXE3","META5",66,0
"ARHGEF15","META5",66,0
"ASGR1","META5",66,0
"ASGR2","META5",66,0
"ATP1B2","META5",66,0
"AURKB","META5",66,0
"BCL6B","META5",66,0
"BORCS6","META5",66,0
"C17orf100","META5",66,0
"C17orf49","META5",66,0
"CD68","META5",66,1
"CHD3","META5",66,0
"CHRNB1","META5",66,0
"CLDN7","META5",66,0
"CLEC10A","META5",66,0
"CNTROB","META5",66,0
"CTC1","META5",66,0
"CTDNEP1","META5",66,0
"CYB5D1","META5",66,0
"DLG4","META5",66,0
"DNAH2","META5",66,0
"DVL2","META5",66,0
"EFNB3","META5",66,0
"EIF4A1","META5",66,0
"EIF5A","META5",66,0
"ELP5","META5",66,0
"FBXO39","META5",66,0
"FGF11","META5",66,0
"FXR2","META5",66,0
"GABARAP","META5",66,1
"GPS2","META5",66,0
"GUCY2D","META5",66,0
"HES7","META5",66,0
"KCNAB3","META5",66,0
"KCTD11","META5",66,0
"KDM6B","META5",66,0
"KIAA0753","META5",66,0
"KRBA2","META5",66,0
"LINC00324","META5",66,0
"LOC100128288","META5",66,0
"LOC100996842","META5",66,0
"MED31","META5",66,0
"MIR195","META5",66,0
"MIR324","META5",66,0
"MIR4314","META5",66,0
"MIR4520-1","META5",66,0
"MIR4520-2","META5",66,0
"MIR4521","META5",66,0
"MIR497","META5",66,0
"MIR497HG","META5",66,0
"MIR6883","META5",66,0
"MPDU1","META5",66,0
"NAA38","META5",66,0
"NDEL1","META5",66,0
"NEURL4","META5",66,0
"NLGN2","META5",66,0
"ODF4","META5",66,0
"PER1","META5",66,1
"PFAS","META5",66,0
"PHF23","META5",66,0
"PITPNM3","META5",66,0
"PLSCR3","META5",66,0
"POLR2A","META5",66,0
"RANGRF","META5",66,0
"RNASEK","META5",66,0
"RNASEK-C17orf49","META5",66,0
"RNF222","META5",66,0
"RNF227","META5",66,0
"RPL26","META5",66,0
"RPL29P2","META5",66,0
"SAT2","META5",66,0
"SCARNA21","META5",66,0
"SENP3","META5",66,0
"SENP3-EIF4A1","META5",66,0
"SHBG","META5",66,0
"SLC13A5","META5",66,0
"SLC16A11","META5",66,0
"SLC16A13","META5",66,0
"SLC25A35","META5",66,0
"SLC2A4","META5",66,0
"SLC35G6","META5",66,0
"SNORA48","META5",66,0
"SNORA67","META5",66,0
"SNORD10","META5",66,0
"SNORD118","META5",66,0
"SOX15","META5",66,0
"SPEM1","META5",66,0
"SPEM2","META5",66,0
"SPEM3","META5",66,0
"TEKT1","META5",66,0
"TMEM102","META5",66,0
"TMEM107","META5",66,0
"TMEM256","META5",66,0
"TMEM256-PLSCR3","META5",66,0
"TMEM88","META5",66,0
"TMEM95","META5",66,0
"TNFSF12","META5",66,0
"TNFSF12-TNFSF13","META5",66,0
"TNFSF13","META5",66,0
"TNK1","META5",66,0
"TP53","META5",66,1
"TRAPPC1","META5",66,0
"TXNDC17","META5",66,0
"VAMP2","META5",66,1
"WRAP53","META5",66,0
"XAF1","META5",66,0
"YBX2","META5",66,0
"ZBTB4","META5",66,0
"AARSD1","META5",67,0
"ACLY","META5",67,0
"AOC2","META5",67,0
"AOC3","META5",67,0
"AOC4P","META5",67,0
"ARL4D","META5",67,0
"ATP6V0A1","META5",67,0
"BECN1","META5",67,1
"BRCA1","META5",67,1
"C17orf113","META5",67,0
"CAVIN1","META5",67,0
"CCDC200","META5",67,0
"CCR10","META5",67,0
"CNP","META5",67,0
"CNTD1","META5",67,0
"CNTNAP1","META5",67,0
"COA3","META5",67,0
"COASY","META5",67,0
"DHX58","META5",67,0
"DHX8","META5",67,0
"DNAJC7","META5",67,0
"EIF1","META5",67,0
"ETV4","META5",67,0
"EZH1","META5",67,0
"FKBP10","META5",67,0
"G6PC","META5",67,0
"GAST","META5",67,0
"GHDC","META5",67,0
"HAP1","META5",67,0
"HCRT","META5",67,0
"HSD17B1","META5",67,0
"HSPB9","META5",67,0
"IFI35","META5",67,0
"JUP","META5",67,0
"KAT2A","META5",67,0
"KCNH4","META5",67,0
"KLHL10","META5",67,0
"KLHL11","META5",67,0
"KRT14","META5",67,0
"KRT16","META5",67,0
"KRT17","META5",67,0
"KRT42P","META5",67,0
"LINC00671","META5",67,0
"LINC00910","META5",67,0
"LOC101929767","META5",67,0
"LOC108783654","META5",67,0
"MEOX1","META5",67,0
"MIR2117","META5",67,0
"MIR2117HG","META5",67,0
"MIR5010","META5",67,0
"MIR548AT","META5",67,0
"MIR6780A","META5",67,0
"MIR6781","META5",67,0
"MLX","META5",67,0
"NAGLU","META5",67,0
"NBR1","META5",67,1
"NBR2","META5",67,0
"NKIRAS2","META5",67,0
"NT5C3B","META5",67,0
"P3H4","META5",67,0
"PLEKHH3","META5",67,0
"PSMC3IP","META5",67,0
"PSME3","META5",67,0
"PTGES3L","META5",67,0
"PTGES3L-AARSD1","META5",67,0
"RAB5C","META5",67,0
"RAMP2","META5",67,0
"RAMP2-AS1","META5",67,0
"RETREG3","META5",67,0
"RND2","META5",67,0
"RPL27","META5",67,0
"RUNDC1","META5",67,0
"STAT3","META5",67,1
"STAT5A","META5",67,0
"STAT5B","META5",67,0
"TMEM106A","META5",67,0
"TTC25","META5",67,0
"TUBG1","META5",67,0
"TUBG2","META5",67,0
"VAT1","META5",67,0
"VPS25","META5",67,0
"WNK4","META5",67,0
"ZNF385C","META5",67,0
"ACBD4","META5",68,0
"ADAM11","META5",68,0
"ARL4D","META5",68,0
"ASB16","META5",68,0
"ASB16-AS1","META5",68,0
"ATXN7L3","META5",68,0
"C17orf53","META5",68,0
"C1QL1","META5",68,0
"CCDC103","META5",68,0
"CCDC200","META5",68,0
"CCDC43","META5",68,0
"CD300LG","META5",68,0
"CFAP97D1","META5",68,0
"DBF4B","META5",68,0
"DCAKD","META5",68,0
"DHX8","META5",68,0
"DUSP3","META5",68,0
"EFTUD2","META5",68,0
"ETV4","META5",68,0
"FAM171A2","META5",68,0
"FAM187A","META5",68,0
"FAM215A","META5",68,0
"FMNL1","META5",68,0
"FZD2","META5",68,0
"G6PC3","META5",68,0
"GFAP","META5",68,1
"GJC1","META5",68,0
"GPATCH8","META5",68,0
"GRN","META5",68,1
"HDAC5","META5",68,0
"HEXIM1","META5",68,0
"HEXIM2","META5",68,0
"HIGD1B","META5",68,0
"ITGA2B","META5",68,0
"KIF18B","META5",68,0
"LINC00910","META5",68,0
"LINC01180","META5",68,0
"LINC01976","META5",68,0
"LOC101929767","META5",68,0
"LOC105371789","META5",68,0
"LOC105371795","META5",68,0
"LOC339192","META5",68,0
"LSM12","META5",68,0
"MAP3K14","META5",68,0
"MAP3K14-AS1","META5",68,0
"MEIOC","META5",68,0
"MEOX1","META5",68,0
"MIR2117","META5",68,0
"MIR2117HG","META5",68,0
"MIR6782","META5",68,0
"MIR6783","META5",68,0
"MIR6784","META5",68,0
"MPP2","META5",68,0
"MPP3","META5",68,0
"NAGS","META5",68,0
"NBR1","META5",68,1
"NBR2","META5",68,0
"NMT1","META5",68,0
"PLCD3","META5",68,0
"PPY","META5",68,0
"PYY","META5",68,0
"RUNDC3A","META5",68,0
"RUNDC3A-AS1","META5",68,0
"SLC25A39","META5",68,0
"SLC4A1","META5",68,0
"SOST","META5",68,0
"SPATA32","META5",68,0
"TMEM101","META5",68,0
"TMEM106A","META5",68,0
"TMUB2","META5",68,0
"UBTF","META5",68,0
"ACBD4","META5",69,0
"ADAM11","META5",69,0
"ARHGAP27","META5",69,0
"ARL17A","META5",69,0
"ARL17B","META5",69,0
"C1QL1","META5",69,0
"CCDC103","META5",69,0
"CCDC43","META5",69,0
"CRHR1","META5",69,0
"DBF4B","META5",69,0
"DCAKD","META5",69,0
"EFTUD2","META5",69,0
"FAM187A","META5",69,0
"FMNL1","META5",69,0
"GFAP","META5",69,1
"GJC1","META5",69,0
"HEXIM1","META5",69,0
"HEXIM2","META5",69,0
"HIGD1B","META5",69,0
"KANSL1","META5",69,1
"KANSL1-AS1","META5",69,0
"KIF18B","META5",69,0
"LINC02210","META5",69,0
"LINC02210-CRHR1","META5",69,0
"LOC105371795","META5",69,0
"LOC339192","META5",69,0
"LRRC37A","META5",69,0
"LRRC37A2","META5",69,0
"LRRC37A4P","META5",69,0
"MAP3K14","META5",69,0
"MAP3K14-AS1","META5",69,0
"MAPK8IP1P2","META5",69,0
"MAPT","META5",69,1
"MAPT-AS1","META5",69,0
"MAPT-IT1","META5",69,0
"MEIOC","META5",69,0
"MIR4315-1","META5",69,0
"MIR4315-2","META5",69,0
"MIR6783","META5",69,0
"MIR6784","META5",69,0
"NMT1","META5",69,0
"NSF","META5",69,1
"NSFP1","META5",69,0
"PLCD3","META5",69,0
"PLEKHM1","META5",69,0
"SPATA32","META5",69,0
"SPPL2C","META5",69,0
"STH","META5",69,1
"ARL17A","META5",70,0
"ARL17B","META5",70,0
"CDC27","META5",70,0
"CRHR1","META5",70,0
"EFCAB13","META5",70,0
"GOSR2","META5",70,0
"ITGB3","META5",70,0
"KANSL1","META5",70,1
"KANSL1-AS1","META5",70,0
"KPNB1","META5",70,0
"LINC02210-CRHR1","META5",70,0
"LRRC37A","META5",70,0
"LRRC37A2","META5",70,0
"MAPT","META5",70,1
"MAPT-AS1","META5",70,0
"MAPT-IT1","META5",70,0
"MIR5089","META5",70,0
"MRPL45P2","META5",70,0
"MYL4","META5",70,0
"NPEPPS","META5",70,0
"NSF","META5",70,1
"NSFP1","META5",70,0
"RPRML","META5",70,0
"SPPL2C","META5",70,0
"STH","META5",70,1
"TBKBP1","META5",70,0
"TBX21","META5",70,0
"THCAT158","META5",70,0
"WNT3","META5",70,0
"WNT9B","META5",70,0
"BCAS3","META5",71,0
"BRIP1","META5",71,0
"C17orf82","META5",71,0
"EFCAB3","META5",71,0
"INTS2","META5",71,0
"LOC101927855","META5",71,0
"LOC101927877","META5",71,0
"LOC105371855","META5",71,0
"MARCH10","META5",71,0
"MED13","META5",71,0
"METTL2A","META5",71,0
"MRC2","META5",71,0
"NACA2","META5",71,0
"TBC1D3P2","META5",71,0
"TBX2","META5",71,0
"TBX2-AS1","META5",71,0
"TBX4","META5",71,0
"TLK2","META5",71,0
"AFMID","META5",72,0
"BIRC5","META5",72,0
"C17orf99","META5",72,0
"C1QTNF1","META5",72,0
"C1QTNF1-AS1","META5",72,0
"CANT1","META5",72,0
"CEP295NL","META5",72,0
"CYTH1","META5",72,0
"DNAH17","META5",72,0
"DNAH17-AS1","META5",72,0
"ENGASE","META5",72,0
"LGALS3BP","META5",72,0
"LINC01973","META5",72,0
"LINC01987","META5",72,0
"LINC01993","META5",72,0
"LOC100507351","META5",72,0
"LOC101928674","META5",72,0
"LOC400622","META5",72,0
"PGS1","META5",72,0
"RBFOX3","META5",72,0
"SCAT1","META5",72,0
"SEPTIN9","META5",72,0
"SOCS3","META5",72,0
"SYNGR2","META5",72,0
"TIMP2","META5",72,0
"TK1","META5",72,0
"TMC6","META5",72,0
"TMC8","META5",72,0
"TMEM235","META5",72,0
"TNRC6C","META5",72,0
"TNRC6C-AS1","META5",72,0
"USP36","META5",72,0
"ASXL3","META5",73,0
"CCDC178","META5",73,0
"DTNA","META5",73,0
"KLHL14","META5",73,0
"NOL4","META5",73,0
"LINC00907","META5",74,0
"RIT2","META5",74,1
"SYT4","META5",74,0
"CFAP53","META5",75,0
"CXXC1","META5",75,0
"ELAC1","META5",75,0
"LINC01630","META5",75,0
"MAPK4","META5",75,0
"MBD1","META5",75,0
"ME2","META5",75,0
"MEX3C","META5",75,0
"MRO","META5",75,0
"MYO5B","META5",75,0
"SKA1","META5",75,0
"SMAD4","META5",75,0
"ABHD17A","META5",76,0
"ADAMTSL5","META5",76,0
"ADAT3","META5",76,0
"AMH","META5",76,0
"AP3D1","META5",76,0
"APC2","META5",76,0
"ATP8B3","META5",76,0
"BTBD2","META5",76,0
"C19orf25","META5",76,0
"CELF5","META5",76,0
"CSNK1G2","META5",76,0
"CSNK1G2-AS1","META5",76,0
"DAZAP1","META5",76,0
"DIRAS1","META5",76,0
"DOT1L","META5",76,0
"GADD45B","META5",76,0
"GAMT","META5",76,0
"GNA11","META5",76,0
"GNA15","META5",76,0
"GNG7","META5",76,0
"IZUMO4","META5",76,0
"JSRP1","META5",76,0
"KLF16","META5",76,0
"LINC01775","META5",76,0
"LINGO3","META5",76,0
"LMNB2","META5",76,0
"LOC100288123","META5",76,0
"LOC100996351","META5",76,0
"LSM7","META5",76,0
"MBD3","META5",76,0
"MEX3D","META5",76,0
"MIR1227","META5",76,0
"MIR1909","META5",76,0
"MIR4321","META5",76,0
"MIR6789","META5",76,0
"MIR7108","META5",76,0
"MIR7850","META5",76,0
"MKNK2","META5",76,0
"MOB3A","META5",76,0
"NCLN","META5",76,0
"NDUFS7","META5",76,0
"OAZ1","META5",76,0
"ONECUT3","META5",76,0
"PCSK4","META5",76,0
"PEAK3","META5",76,0
"PLEKHJ1","META5",76,0
"PLK5","META5",76,0
"PWWP3A","META5",76,0
"REEP6","META5",76,0
"REXO1","META5",76,0
"RPS15","META5",76,0
"S1PR4","META5",76,0
"SCAMP4","META5",76,0
"SF3A2","META5",76,0
"SGTA","META5",76,0
"SLC39A3","META5",76,0
"SPPL2B","META5",76,0
"TCF3","META5",76,0
"THOP1","META5",76,0
"TIMM13","META5",76,0
"TLE2","META5",76,0
"TLE5","META5",76,0
"TLE6","META5",76,0
"TMPRSS9","META5",76,0
"UQCR11","META5",76,0
"ZNF554","META5",76,0
"ZNF555","META5",76,0
"ZNF556","META5",76,0
"ZNF57","META5",76,0
"ZNF77","META5",76,0
"BMP2","META5",77,1
"CASC20","META5",77,0
"CDS2","META5",77,0
"CHGB","META5",77,0
"CRLS1","META5",77,0
"FERMT1","META5",77,0
"GPCPD1","META5",77,0
"LINC00654","META5",77,0
"LINC00658","META5",77,0
"LINC01713","META5",77,0
"LINC01729","META5",77,0
"LOC643406","META5",77,0
"LRRN4","META5",77,0
"MCM8","META5",77,0
"MCM8-AS1","META5",77,0
"PCNA","META5",77,1
"PCNA-AS1","META5",77,0
"PROKR2","META5",77,0
"SHLD1","META5",77,0
"TMEM230","META5",77,1
"TRMT6","META5",77,0
"CLDN14","META5",78,0
"DSCR10","META5",78,0
"DSCR4","META5",78,0
"DSCR8","META5",78,0
"DSCR9","META5",78,0
"DYRK1A","META5",78,1
"ERG","META5",78,1
"HLCS","META5",78,0
"KCNJ15","META5",78,0
"KCNJ6","META5",78,0
"LINC01423","META5",78,0
"LOC105372795","META5",78,0
"PIGP","META5",78,0
"RIPPLY3","META5",78,0
"SIM2","META5",78,0
"TTC3","META5",78,0
"TTC3-AS1","META5",78,0
"VPS26C","META5",78,0
"ADRA2A","Progression",1,0
"BBIP1","Progression",1,0
"DUSP5","Progression",1,0
"GPAM","Progression",1,0
"HEAT2","Progression",1,0
"MIR4680","Progression",1,0
"MIR548E","Progression",1,0
"MXI1","Progression",1,0
"PDCD4","Progression",1,0
"PDCD4-AS1","Progression",1,0
"RBM20","Progression",1,0
"RPL13AP6","Progression",1,0
"SHOC2","Progression",1,0
"SMC3","Progression",1,0
"SMNDC1","Progression",1,0
"ABCA1","Progression",2,1
"FKTN","Progression",2,0
"FSD1L","Progression",2,0
"NIPSNAP3A","Progression",2,0
"NIPSNAP3B","Progression",2,0
"OR13C2","Progression",2,0
"OR13C3","Progression",2,0
"OR13C4","Progression",2,0
"OR13C5","Progression",2,0
"OR13C8","Progression",2,0
"OR13C9","Progression",2,0
"OR13D1","Progression",2,0
"OR13F1","Progression",2,0
"RALGAPA1P1","Progression",2,0
"SLC44A1","Progression",2,0
"TAL2","Progression",2,0
"TMEM38B","Progression",2,0
"LOC101929109","Asian",1,0
"F2RL2","Asian",1,0
"NCRUPAR","Asian",1,0
"SNORA47","Asian",1,0
"HMGCR","Asian",1,0
"ANKDD1B","Asian",1,0
"LOC441087","Asian",1,0
"IQGAP2","Asian",1,0
"F2RL1","Asian",1,0
"CRHBP","Asian",1,0
"ZBED3","Asian",1,0
"AGGF1","Asian",1,0
"POLK","Asian",1,0
"COL4A3BP","Asian",1,0
"POC5","Asian",1,0
"F2R","Asian",1,0
"ZBED3-AS1","Asian",1,0
"S100Z","Asian",1,0
"PDE8B","Asian",1,0
"SV2C","Asian",1,1
"MIR3914-1","Asian",2,0
"MIR3914-2","Asian",2,0
"GALNT17","Asian",2,0
"CALN1","Asian",2,0
"AUTS2","Asian",2,0
